{
  "MC_A1": 22.34166666666666,
  "MC_A2": 6.193333333333332,
  "MC_A3": 14.347222222222221,
  "MC_A4": 12.52,
  "RSM_B1": 31.375,
  "RSM_B2": 25.13,
  "RSM_B3": 28.666666666666668,
  "RSM_B4": 21.125
}