{
  "MC_A1": 24.983333333333334,
  "MC_A2": 5.598333333333334,
  "MC_A3": 13.675,
  "MC_A4": 9.308333333333334,
  "RSM_B1": 25.595833333333335,
  "RSM_B2": 25.189999999999998,
  "RSM_B3": 29.599999999999998,
  "RSM_B4": 15.533333333333335
}