{
  "MC_A1": 24.85,
  "MC_A2": 3.4192857142857136,
  "MC_A3": 11.149999999999999,
  "MC_A4": 8.283333333333333,
  "RSM_B1": 22.141666666666666,
  "RSM_B2": 28.8025,
  "RSM_B3": 35.2,
  "RSM_B4": 14.562499999999996
}